ItemNumber,ItemName,PackSize,PalletCount,SupplierCode,LastUpdated
SKU-2000,Product-0,12,-16,,
SKU-2001,Product-1,6,153,Supplier-1,2026-08-08
SKU-2002,Product-2,24,56,Supplier-3,2026-08-25
SKU-2003,Product-3,12,360,Supplier-7,2026-08-19
SKU-2004,Product-4,12,188,Supplier-2,2026-08-11
SKU-2005,Product-5,24,62,Supplier-9,2026-08-03
SKU-2006,Product-6,24,143,Supplier-6,2026-08-04
SKU-2007,Product-7,6,22,Supplier-6,2026-08-13
SKU-2008,Product-8,6,248,Supplier-4,2026-08-07
SKU-2009,Product-9,6,387,Supplier-4,2026-08-25
SKU-2010,Product-10,6,349,Supplier-7,2026-08-23
SKU-2011,Product-11,12,194,Supplier-8,2026-08-21
SKU-2012,Product-12,24,124,Supplier-8,2026-08-15
SKU-2013,Product-13,6,320,Supplier-1,2026-08-09
SKU-2014,Product-14,24,119,,2026-08-19
SKU-2015,Product-15,6,488,Supplier-6,2026-08-19
SKU-2016,Product-16,6,62,Supplier-6,2026-08-11
SKU-2017,Product-17,6,315,Supplier-1,2026-08-14
SKU-2018,Product-18,24,67,Supplier-3,2026-08-06
SKU-2019,Product-19,6,322,Supplier-5,2026-08-21
SKU-2020,Product-20,12,43,Supplier-1,2026-08-14
SKU-2021,Product-21,24,357,Supplier-9,2026-08-21
SKU-2022,Product-22,12,444,Supplier-1,2026-08-09
SKU-2023,Product-23,24,38,Supplier-9,2026-08-25
SKU-2024,Product-24,12,284,Supplier-8,2026-08-03
SKU-2025,Product-25,24,-25,Supplier-7,2026-08-10
SKU-2026,Product-26,6,42,Supplier-6,2026-08-09
SKU-2027,Product-27,12,341,Supplier-3,2026-08-03
SKU-2028,Product-28,6,338,,2026-08-15
SKU-2029,Product-29,6,466,Supplier-10,2026-08-25
SKU-2030,Product-30,12,386,Supplier-9,2026-08-17
SKU-2031,Product-31,12,22,Supplier-4,2026-08-18
SKU-2032,Product-32,12,263,Supplier-5,2026-08-28
SKU-2033,Product-33,6,488,Supplier-8,2026-08-09
SKU-2034,Product-34,24,478,Supplier-10,2026-08-12
SKU-2035,Product-35,6,168,Supplier-6,2026-08-16
SKU-2036,Product-36,24,45,Supplier-7,2026-08-21
SKU-2037,Product-37,24,200,Supplier-10,2026-08-21
SKU-2038,Product-38,24,117,Supplier-4,2026-08-06
SKU-2039,Product-39,12,381,Supplier-1,2026-08-11
SKU-2040,Product-40,6,279,Supplier-4,
SKU-2041,Product-41,6,101,Supplier-9,2026-08-01
SKU-2042,Product-42,24,53,,2026-08-18
SKU-2043,Product-43,6,331,Supplier-5,2026-08-13
SKU-2044,Product-44,24,476,Supplier-3,2026-08-22
SKU-2045,Product-45,12,169,Supplier-9,2026-08-19
SKU-2046,Product-46,6,13,Supplier-1,2026-08-26
SKU-2047,Product-47,6,104,Supplier-1,2026-08-06
SKU-2048,Product-48,6,292,Supplier-2,2026-08-28
SKU-2049,Product-49,12,362,Supplier-5,2026-08-13
SKU-2050,Product-50,12,-33,Supplier-3,2026-08-10
SKU-2051,Product-51,6,398,Supplier-3,2026-08-22
SKU-2052,Product-52,12,96,Supplier-5,2026-08-15
SKU-2053,Product-53,24,149,Supplier-5,2026-08-23
SKU-2054,Product-54,12,259,Supplier-7,2026-08-16
SKU-2055,Product-55,6,415,Supplier-5,2026-08-19
SKU-2056,Product-56,24,433,,2026-08-16
SKU-2057,Product-57,6,181,Supplier-1,2026-08-12
SKU-2058,Product-58,12,224,Supplier-5,2026-08-02
SKU-2059,Product-59,24,54,Supplier-1,2026-08-08
SKU-2030,Product-60,24,14,Supplier-3,2026-08-25
SKU-2061,Product-61,24,345,Supplier-6,2026-08-22
SKU-2062,Product-62,24,232,Supplier-8,2026-08-01
SKU-2063,Product-63,6,154,Supplier-3,2026-08-21
SKU-2064,Product-64,6,432,Supplier-1,2026-08-12
SKU-2065,Product-65,24,413,Supplier-8,2026-08-02
SKU-2066,Product-66,6,163,Supplier-7,2026-08-04
SKU-2067,Product-67,24,137,Supplier-1,2026-08-08
SKU-2068,Product-68,6,188,Supplier-2,2026-08-26
SKU-2069,Product-69,24,14,Supplier-9,2026-08-25
SKU-2070,Product-70,24,431,,2026-08-04
SKU-2071,Product-71,24,234,Supplier-4,2026-08-28
SKU-2072,Product-72,12,20,Supplier-1,2026-08-01
SKU-2073,Product-73,6,429,Supplier-9,2026-08-21
SKU-2074,Product-74,6,460,Supplier-10,2026-08-25
SKU-2075,Product-75,12,-6,Supplier-1,2026-08-13
SKU-2076,Product-76,6,44,Supplier-9,2026-08-13
SKU-2077,Product-77,12,111,Supplier-2,2026-08-09
SKU-2078,Product-78,6,123,Supplier-9,2026-08-11
SKU-2079,Product-79,12,361,Supplier-9,2026-08-01
SKU-2080,Product-80,24,220,Supplier-1,
SKU-2081,Product-81,12,209,Supplier-3,2026-08-01
SKU-2082,Product-82,24,105,Supplier-4,2026-08-25
SKU-2083,Product-83,12,223,Supplier-6,2026-08-14
SKU-2084,Product-84,24,205,,2026-08-15
SKU-2085,Product-85,6,306,Supplier-6,2026-08-06
SKU-2086,Product-86,24,395,Supplier-8,2026-08-23
SKU-2087,Product-87,6,497,Supplier-5,2026-08-10
SKU-2088,Product-88,6,295,Supplier-10,2026-08-17
SKU-2089,Product-89,6,11,Supplier-10,2026-08-03
SKU-2090,Product-90,24,163,Supplier-4,2026-08-17
SKU-2091,Product-91,6,171,Supplier-3,2026-08-09
SKU-2092,Product-92,12,279,Supplier-2,2026-08-14
SKU-2093,Product-93,24,315,Supplier-4,2026-08-23
SKU-2094,Product-94,12,253,Supplier-5,2026-08-19
SKU-2095,Product-95,24,470,Supplier-7,2026-08-10
SKU-2096,Product-96,12,194,Supplier-9,2026-08-02
SKU-2097,Product-97,6,44,Supplier-1,2026-08-25
SKU-2098,Product-98,12,271,,2026-08-25
SKU-2099,Product-99,6,184,Supplier-3,2026-08-01
SKU-2100,Product-100,12,-4,Supplier-7,2026-08-02
SKU-2101,Product-101,24,5,Supplier-6,2026-08-13
SKU-2102,Product-102,24,10,Supplier-3,2026-08-04
SKU-2103,Product-103,12,326,Supplier-5,2026-08-07
SKU-2104,Product-104,12,21,Supplier-3,2026-08-12
SKU-2105,Product-105,6,150,Supplier-7,2026-08-17
SKU-2106,Product-106,6,12,Supplier-7,2026-08-25
SKU-2107,Product-107,12,498,Supplier-8,2026-08-13
SKU-2108,Product-108,12,103,Supplier-6,2026-08-23
SKU-2109,Product-109,12,431,Supplier-1,2026-08-05
SKU-2110,Product-110,6,155,Supplier-9,2026-08-13
SKU-2111,Product-111,6,309,Supplier-7,2026-08-10
SKU-2112,Product-112,6,55,,2026-08-27
SKU-2113,Product-113,12,345,Supplier-2,2026-08-22
SKU-2114,Product-114,24,268,Supplier-1,2026-08-05
SKU-2115,Product-115,6,29,Supplier-2,2026-08-02
SKU-2116,Product-116,6,71,Supplier-5,2026-08-21
SKU-2117,Product-117,6,180,Supplier-1,2026-08-23
SKU-2118,Product-118,12,388,Supplier-9,2026-08-08
SKU-2119,Product-119,12,23,Supplier-3,2026-08-04
SKU-2060,Product-120,24,243,Supplier-9,
SKU-2121,Product-121,24,190,Supplier-6,2026-08-05
SKU-2122,Product-122,12,258,Supplier-1,2026-08-02
SKU-2123,Product-123,12,436,Supplier-5,2026-08-23
SKU-2124,Product-124,24,185,Supplier-8,2026-08-24
SKU-2125,Product-125,12,-2,Supplier-8,2026-08-05
SKU-2126,Product-126,12,165,,2026-08-11
SKU-2127,Product-127,24,112,Supplier-2,2026-08-18
SKU-2128,Product-128,24,342,Supplier-7,2026-08-10
SKU-2129,Product-129,12,411,Supplier-7,2026-08-02
SKU-2130,Product-130,12,387,Supplier-2,2026-08-26
SKU-2131,Product-131,24,472,Supplier-1,2026-08-18
SKU-2132,Product-132,12,386,Supplier-3,2026-08-07
SKU-2133,Product-133,6,315,Supplier-1,2026-08-09
SKU-2134,Product-134,24,500,Supplier-2,2026-08-20
SKU-2135,Product-135,6,427,Supplier-5,2026-08-08
SKU-2136,Product-136,6,152,Supplier-7,2026-08-20
SKU-2137,Product-137,24,63,Supplier-5,2026-08-10
SKU-2138,Product-138,6,419,Supplier-4,2026-08-05
SKU-2139,Product-139,6,446,Supplier-1,2026-08-13
SKU-2140,Product-140,6,441,,2026-08-20
SKU-2141,Product-141,24,34,Supplier-5,2026-08-13
SKU-2142,Product-142,6,409,Supplier-4,2026-08-08
SKU-2143,Product-143,12,322,Supplier-1,2026-08-24
SKU-2144,Product-144,12,217,Supplier-4,2026-08-23
SKU-2145,Product-145,6,320,Supplier-6,2026-08-05
SKU-2146,Product-146,12,23,Supplier-9,2026-08-01
SKU-2147,Product-147,12,6,Supplier-7,2026-08-24
SKU-2148,Product-148,24,298,Supplier-7,2026-08-14
SKU-2149,Product-149,24,190,Supplier-10,2026-08-27
SKU-2150,Product-150,12,-23,Supplier-1,2026-08-27
SKU-2151,Product-151,12,329,Supplier-8,2026-08-24
SKU-2152,Product-152,24,227,Supplier-7,2026-08-08
SKU-2153,Product-153,12,372,Supplier-3,2026-08-26
SKU-2154,Product-154,6,428,,2026-08-26
SKU-2155,Product-155,12,78,Supplier-9,2026-08-17
SKU-2156,Product-156,24,258,Supplier-1,2026-08-20
SKU-2157,Product-157,12,293,Supplier-8,2026-08-25
SKU-2158,Product-158,6,469,Supplier-6,2026-08-17
SKU-2159,Product-159,24,329,Supplier-1,2026-08-23
SKU-2160,Product-160,12,315,Supplier-6,
SKU-2161,Product-161,12,434,Supplier-6,2026-08-06
SKU-2162,Product-162,6,51,Supplier-1,2026-08-23
SKU-2163,Product-163,24,411,Supplier-5,2026-08-13
SKU-2164,Product-164,24,467,Supplier-5,2026-08-07
SKU-2165,Product-165,12,61,Supplier-6,2026-08-11
SKU-2166,Product-166,6,459,Supplier-6,2026-08-27
SKU-2167,Product-167,12,247,Supplier-10,2026-08-05
SKU-2168,Product-168,24,377,,2026-08-18
SKU-2169,Product-169,6,329,Supplier-2,2026-08-16
SKU-2170,Product-170,12,217,Supplier-5,2026-08-02
SKU-2171,Product-171,12,166,Supplier-8,2026-08-20
SKU-2172,Product-172,12,485,Supplier-4,2026-08-14
SKU-2173,Product-173,12,356,Supplier-3,2026-08-15
SKU-2174,Product-174,12,154,Supplier-5,2026-08-06
SKU-2175,Product-175,24,-49,Supplier-2,2026-08-15
SKU-2176,Product-176,24,372,Supplier-6,2026-08-11
SKU-2177,Product-177,6,93,Supplier-4,2026-08-09
SKU-2178,Product-178,24,43,Supplier-10,2026-08-09
SKU-2179,Product-179,6,287,Supplier-7,2026-08-28
SKU-2090,Product-180,6,6,Supplier-10,2026-08-02
SKU-2181,Product-181,24,249,Supplier-9,2026-08-05
SKU-2182,Product-182,6,291,,2026-08-26
SKU-2183,Product-183,6,315,Supplier-10,2026-08-28
SKU-2184,Product-184,24,340,Supplier-6,2026-08-01
SKU-2185,Product-185,24,74,Supplier-5,2026-08-03
SKU-2186,Product-186,12,445,Supplier-1,2026-08-04
SKU-2187,Product-187,6,18,Supplier-9,2026-08-09
SKU-2188,Product-188,12,319,Supplier-1,2026-08-16
SKU-2189,Product-189,12,192,Supplier-6,2026-08-07
SKU-2190,Product-190,12,278,Supplier-4,2026-08-20
SKU-2191,Product-191,12,256,Supplier-3,2026-08-13
SKU-2192,Product-192,6,94,Supplier-4,2026-08-09
SKU-2193,Product-193,12,8,Supplier-8,2026-08-19
SKU-2194,Product-194,24,307,Supplier-6,2026-08-11
SKU-2195,Product-195,12,316,Supplier-9,2026-08-13
SKU-2196,Product-196,24,436,,2026-08-16
SKU-2197,Product-197,6,179,Supplier-1,2026-08-21
SKU-2198,Product-198,6,360,Supplier-3,2026-08-12
SKU-2199,Product-199,6,309,Supplier-3,2026-08-01
SKU-2200,Product-200,24,-45,Supplier-9,
SKU-2201,Product-201,6,159,Supplier-2,2026-08-03
SKU-2202,Product-202,24,304,Supplier-1,2026-08-18
SKU-2203,Product-203,24,129,Supplier-8,2026-08-03
SKU-2204,Product-204,24,81,Supplier-4,2026-08-06
SKU-2205,Product-205,6,389,Supplier-8,2026-08-24
SKU-2206,Product-206,24,202,Supplier-10,2026-08-23
SKU-2207,Product-207,12,9,Supplier-2,2026-08-20
SKU-2208,Product-208,6,480,Supplier-6,2026-08-18
SKU-2209,Product-209,24,270,Supplier-3,2026-08-25
SKU-2210,Product-210,24,59,,2026-08-07
SKU-2211,Product-211,12,269,Supplier-8,2026-08-23
SKU-2212,Product-212,6,57,Supplier-5,2026-08-03
SKU-2213,Product-213,6,375,Supplier-4,2026-08-14
SKU-2214,Product-214,24,186,Supplier-4,2026-08-11
SKU-2215,Product-215,24,158,Supplier-8,2026-08-21
SKU-2216,Product-216,6,20,Supplier-5,2026-08-23
SKU-2217,Product-217,6,167,Supplier-1,2026-08-09
SKU-2218,Product-218,6,151,Supplier-6,2026-08-24
SKU-2219,Product-219,6,114,Supplier-2,2026-08-04
SKU-2220,Product-220,12,260,Supplier-2,2026-08-27
SKU-2221,Product-221,12,9,Supplier-10,2026-08-15
SKU-2222,Product-222,6,458,Supplier-2,2026-08-10
SKU-2223,Product-223,12,167,Supplier-10,2026-08-15
SKU-2224,Product-224,6,28,,2026-08-13
SKU-2225,Product-225,24,-24,Supplier-7,2026-08-18
SKU-2226,Product-226,24,188,Supplier-4,2026-08-04
SKU-2227,Product-227,6,184,Supplier-9,2026-08-08
SKU-2228,Product-228,24,448,Supplier-8,2026-08-07
SKU-2229,Product-229,6,301,Supplier-8,2026-08-26
SKU-2230,Product-230,6,280,Supplier-6,2026-08-20
SKU-2231,Product-231,12,476,Supplier-5,2026-08-24
SKU-2232,Product-232,12,25,Supplier-1,2026-08-21
SKU-2233,Product-233,6,161,Supplier-6,2026-08-14
SKU-2234,Product-234,12,467,Supplier-3,2026-08-20
SKU-2235,Product-235,6,62,Supplier-10,2026-08-03
SKU-2236,Product-236,24,472,Supplier-3,2026-08-17
SKU-2237,Product-237,24,23,Supplier-3,2026-08-16
SKU-2238,Product-238,12,172,,2026-08-10
SKU-2239,Product-239,24,130,Supplier-1,2026-08-23
SKU-2120,Product-240,6,428,Supplier-2,
SKU-2241,Product-241,6,38,Supplier-10,2026-08-07
SKU-2242,Product-242,12,474,Supplier-4,2026-08-06
SKU-2243,Product-243,12,465,Supplier-6,2026-08-08
SKU-2244,Product-244,6,54,Supplier-4,2026-08-19
SKU-2245,Product-245,6,239,Supplier-5,2026-08-28
SKU-2246,Product-246,6,286,Supplier-9,2026-08-11
SKU-2247,Product-247,12,69,Supplier-5,2026-08-12
SKU-2248,Product-248,6,447,Supplier-9,2026-08-28
SKU-2249,Product-249,12,208,Supplier-6,2026-08-22
SKU-2250,Product-250,24,-30,Supplier-1,2026-08-24
SKU-2251,Product-251,24,6,Supplier-8,2026-08-11
SKU-2252,Product-252,24,139,,2026-08-23
SKU-2253,Product-253,24,138,Supplier-7,2026-08-17
SKU-2254,Product-254,6,116,Supplier-4,2026-08-28
SKU-2255,Product-255,24,311,Supplier-8,2026-08-21
SKU-2256,Product-256,6,108,Supplier-10,2026-08-07
SKU-2257,Product-257,24,302,Supplier-5,2026-08-17
SKU-2258,Product-258,24,387,Supplier-5,2026-08-02
SKU-2259,Product-259,6,284,Supplier-5,2026-08-03
SKU-2260,Product-260,12,139,Supplier-5,2026-08-14
SKU-2261,Product-261,24,445,Supplier-2,2026-08-06
SKU-2262,Product-262,12,303,Supplier-6,2026-08-20
SKU-2263,Product-263,12,327,Supplier-2,2026-08-10
SKU-2264,Product-264,24,71,Supplier-4,2026-08-08
SKU-2265,Product-265,24,388,Supplier-1,2026-08-12
SKU-2266,Product-266,6,84,,2026-08-19
SKU-2267,Product-267,6,427,Supplier-2,2026-08-11
SKU-2268,Product-268,12,71,Supplier-8,2026-08-09
SKU-2269,Product-269,6,369,Supplier-9,2026-08-13
SKU-2270,Product-270,24,439,Supplier-8,2026-08-28
SKU-2271,Product-271,6,187,Supplier-4,2026-08-13
SKU-2272,Product-272,6,440,Supplier-6,2026-08-03
SKU-2273,Product-273,6,457,Supplier-5,2026-08-02
SKU-2274,Product-274,24,140,Supplier-9,2026-08-11
SKU-2275,Product-275,6,-47,Supplier-8,2026-08-27
SKU-2276,Product-276,6,208,Supplier-3,2026-08-08
SKU-2277,Product-277,12,288,Supplier-6,2026-08-01
SKU-2278,Product-278,24,217,Supplier-4,2026-08-09
SKU-2279,Product-279,6,360,Supplier-8,2026-08-06
SKU-2280,Product-280,6,249,,
SKU-2281,Product-281,6,295,Supplier-3,2026-08-27
SKU-2282,Product-282,12,130,Supplier-9,2026-08-22
SKU-2283,Product-283,6,308,Supplier-6,2026-08-15
SKU-2284,Product-284,12,158,Supplier-6,2026-08-19
SKU-2285,Product-285,6,278,Supplier-6,2026-08-22
SKU-2286,Product-286,6,41,Supplier-3,2026-08-22
SKU-2287,Product-287,12,116,Supplier-9,2026-08-24
SKU-2288,Product-288,12,279,Supplier-8,2026-08-10
SKU-2289,Product-289,24,11,Supplier-2,2026-08-25
SKU-2290,Product-290,12,39,Supplier-9,2026-08-15
SKU-2291,Product-291,12,437,Supplier-6,2026-08-20
SKU-2292,Product-292,12,394,Supplier-5,2026-08-18
SKU-2293,Product-293,24,418,Supplier-1,2026-08-11
SKU-2294,Product-294,12,455,,2026-08-04
SKU-2295,Product-295,24,108,Supplier-9,2026-08-26
SKU-2296,Product-296,24,283,Supplier-9,2026-08-15
SKU-2297,Product-297,24,168,Supplier-2,2026-08-11
SKU-2298,Product-298,24,59,Supplier-10,2026-08-22
SKU-2299,Product-299,12,432,Supplier-1,2026-08-14
SKU-2150,Product-300,24,-7,Supplier-8,2026-08-04
SKU-2301,Product-301,12,187,Supplier-5,2026-08-12
SKU-2302,Product-302,24,276,Supplier-5,2026-08-10
SKU-2303,Product-303,24,389,Supplier-1,2026-08-13
SKU-2304,Product-304,12,318,Supplier-4,2026-08-12
SKU-2305,Product-305,6,206,Supplier-9,2026-08-10
SKU-2306,Product-306,6,399,Supplier-6,2026-08-08
SKU-2307,Product-307,24,34,Supplier-7,2026-08-23
SKU-2308,Product-308,24,252,,2026-08-14
SKU-2309,Product-309,6,10,Supplier-10,2026-08-05
SKU-2310,Product-310,24,397,Supplier-8,2026-08-25
SKU-2311,Product-311,6,29,Supplier-9,2026-08-07
SKU-2312,Product-312,24,63,Supplier-7,2026-08-12
SKU-2313,Product-313,24,12,Supplier-8,2026-08-16
SKU-2314,Product-314,24,414,Supplier-5,2026-08-24
SKU-2315,Product-315,6,65,Supplier-1,2026-08-08
SKU-2316,Product-316,12,130,Supplier-9,2026-08-10
SKU-2317,Product-317,12,432,Supplier-10,2026-08-24
SKU-2318,Product-318,6,441,Supplier-3,2026-08-26
SKU-2319,Product-319,6,252,Supplier-6,2026-08-04
SKU-2320,Product-320,12,210,Supplier-10,
SKU-2321,Product-321,12,273,Supplier-1,2026-08-17
SKU-2322,Product-322,12,87,,2026-08-27
SKU-2323,Product-323,24,218,Supplier-4,2026-08-06
SKU-2324,Product-324,6,297,Supplier-7,2026-08-14
SKU-2325,Product-325,24,-20,Supplier-6,2026-08-26
SKU-2326,Product-326,6,375,Supplier-5,2026-08-14
SKU-2327,Product-327,6,425,Supplier-10,2026-08-03
SKU-2328,Product-328,12,100,Supplier-10,2026-08-21
SKU-2329,Product-329,6,468,Supplier-4,2026-08-03
SKU-2330,Product-330,12,153,Supplier-7,2026-08-25
SKU-2331,Product-331,6,310,Supplier-1,2026-08-18
SKU-2332,Product-332,6,256,Supplier-1,2026-08-01
SKU-2333,Product-333,24,242,Supplier-1,2026-08-08
SKU-2334,Product-334,6,95,Supplier-3,2026-08-17
SKU-2335,Product-335,6,187,Supplier-8,2026-08-19
SKU-2336,Product-336,12,183,,2026-08-20
SKU-2337,Product-337,24,377,Supplier-4,2026-08-08
SKU-2338,Product-338,24,483,Supplier-9,2026-08-04
SKU-2339,Product-339,24,48,Supplier-5,2026-08-02
SKU-2340,Product-340,6,494,Supplier-3,2026-08-07
SKU-2341,Product-341,12,170,Supplier-5,2026-08-17
SKU-2342,Product-342,6,442,Supplier-5,2026-08-28
SKU-2343,Product-343,6,289,Supplier-6,2026-08-23
SKU-2344,Product-344,6,252,Supplier-9,2026-08-16
SKU-2345,Product-345,12,449,Supplier-8,2026-08-20
SKU-2346,Product-346,6,41,Supplier-4,2026-08-15
SKU-2347,Product-347,12,415,Supplier-3,2026-08-28
SKU-2348,Product-348,6,384,Supplier-4,2026-08-26
SKU-2349,Product-349,6,222,Supplier-7,2026-08-27
SKU-2350,Product-350,6,-5,,2026-08-22
SKU-2351,Product-351,6,346,Supplier-8,2026-08-25
SKU-2352,Product-352,12,218,Supplier-3,2026-08-21
SKU-2353,Product-353,6,89,Supplier-4,2026-08-02
SKU-2354,Product-354,6,408,Supplier-7,2026-08-23
SKU-2355,Product-355,6,379,Supplier-8,2026-08-15
SKU-2356,Product-356,6,63,Supplier-8,2026-08-23
SKU-2357,Product-357,24,245,Supplier-2,2026-08-24
SKU-2358,Product-358,12,60,Supplier-5,2026-08-25
SKU-2359,Product-359,12,464,Supplier-9,2026-08-12
SKU-2180,Product-360,24,9,Supplier-8,
SKU-2361,Product-361,6,254,Supplier-2,2026-08-28
SKU-2362,Product-362,6,103,Supplier-9,2026-08-24
SKU-2363,Product-363,24,123,Supplier-1,2026-08-06
SKU-2364,Product-364,12,93,,2026-08-04
SKU-2365,Product-365,24,365,Supplier-7,2026-08-27
SKU-2366,Product-366,24,13,Supplier-10,2026-08-22
SKU-2367,Product-367,6,355,Supplier-4,2026-08-07
SKU-2368,Product-368,24,17,Supplier-4,2026-08-10
SKU-2369,Product-369,12,273,Supplier-3,2026-08-03
SKU-2370,Product-370,6,233,Supplier-3,2026-08-28
SKU-2371,Product-371,12,89,Supplier-4,2026-08-15
SKU-2372,Product-372,12,41,Supplier-10,2026-08-06
SKU-2373,Product-373,24,323,Supplier-4,2026-08-17
SKU-2374,Product-374,6,107,Supplier-4,2026-08-27
SKU-2375,Product-375,6,-17,Supplier-3,2026-08-12
SKU-2376,Product-376,24,443,Supplier-6,2026-08-16
SKU-2377,Product-377,24,398,Supplier-6,2026-08-24
SKU-2378,Product-378,12,152,,2026-08-09
SKU-2379,Product-379,24,495,Supplier-10,2026-08-09
SKU-2380,Product-380,12,58,Supplier-10,2026-08-23
SKU-2381,Product-381,12,87,Supplier-1,2026-08-01
SKU-2382,Product-382,24,14,Supplier-6,2026-08-07
SKU-2383,Product-383,6,484,Supplier-2,2026-08-03
SKU-2384,Product-384,24,451,Supplier-8,2026-08-16
SKU-2385,Product-385,6,121,Supplier-5,2026-08-07
SKU-2386,Product-386,12,486,Supplier-10,2026-08-06
SKU-2387,Product-387,12,114,Supplier-8,2026-08-20
SKU-2388,Product-388,12,459,Supplier-9,2026-08-21
SKU-2389,Product-389,6,303,Supplier-8,2026-08-13
SKU-2390,Product-390,6,254,Supplier-3,2026-08-23
SKU-2391,Product-391,12,195,Supplier-10,2026-08-24
SKU-2392,Product-392,12,259,,2026-08-25
SKU-2393,Product-393,6,23,Supplier-4,2026-08-03
SKU-2394,Product-394,6,217,Supplier-6,2026-08-16
SKU-2395,Product-395,6,179,Supplier-4,2026-08-23
SKU-2396,Product-396,12,28,Supplier-4,2026-08-15
SKU-2397,Product-397,12,407,Supplier-5,2026-08-26
SKU-2398,Product-398,12,102,Supplier-8,2026-08-19
SKU-2399,Product-399,24,159,Supplier-9,2026-08-09
SKU-2400,Product-400,6,-27,Supplier-9,
SKU-2401,Product-401,24,293,Supplier-10,2026-08-04
SKU-2402,Product-402,12,252,Supplier-6,2026-08-20
SKU-2403,Product-403,24,65,Supplier-5,2026-08-18
SKU-2404,Product-404,12,154,Supplier-2,2026-08-08
SKU-2405,Product-405,6,98,Supplier-2,2026-08-08
SKU-2406,Product-406,12,317,,2026-08-22
SKU-2407,Product-407,12,354,Supplier-4,2026-08-19
SKU-2408,Product-408,6,133,Supplier-5,2026-08-19
SKU-2409,Product-409,6,453,Supplier-3,2026-08-12
SKU-2410,Product-410,6,184,Supplier-4,2026-08-28
SKU-2411,Product-411,6,308,Supplier-6,2026-08-19
SKU-2412,Product-412,12,483,Supplier-4,2026-08-24
SKU-2413,Product-413,24,249,Supplier-10,2026-08-09
SKU-2414,Product-414,12,14,Supplier-1,2026-08-15
SKU-2415,Product-415,12,443,Supplier-1,2026-08-21
SKU-2416,Product-416,12,146,Supplier-3,2026-08-10
SKU-2417,Product-417,24,59,Supplier-2,2026-08-15
SKU-2418,Product-418,12,352,Supplier-2,2026-08-12
SKU-2419,Product-419,6,488,Supplier-10,2026-08-14
SKU-2210,Product-420,6,291,,2026-08-19
SKU-2421,Product-421,6,388,Supplier-2,2026-08-22
SKU-2422,Product-422,6,77,Supplier-4,2026-08-10
SKU-2423,Product-423,24,207,Supplier-2,2026-08-18
SKU-2424,Product-424,6,373,Supplier-2,2026-08-23
SKU-2425,Product-425,24,-16,Supplier-10,2026-08-17
SKU-2426,Product-426,24,41,Supplier-10,2026-08-09
SKU-2427,Product-427,24,342,Supplier-10,2026-08-16
SKU-2428,Product-428,12,297,Supplier-8,2026-08-18
SKU-2429,Product-429,6,337,Supplier-4,2026-08-20
SKU-2430,Product-430,24,174,Supplier-5,2026-08-25
SKU-2431,Product-431,6,37,Supplier-5,2026-08-05
SKU-2432,Product-432,6,268,Supplier-6,2026-08-23
SKU-2433,Product-433,6,300,Supplier-6,2026-08-23
SKU-2434,Product-434,12,155,,2026-08-11
SKU-2435,Product-435,12,341,Supplier-2,2026-08-03
SKU-2436,Product-436,12,282,Supplier-9,2026-08-23
SKU-2437,Product-437,12,303,Supplier-2,2026-08-20
SKU-2438,Product-438,24,195,Supplier-7,2026-08-17
SKU-2439,Product-439,12,125,Supplier-1,2026-08-25
SKU-2440,Product-440,6,433,Supplier-10,
SKU-2441,Product-441,24,461,Supplier-3,2026-08-10
SKU-2442,Product-442,12,450,Supplier-4,2026-08-01
SKU-2443,Product-443,12,476,Supplier-7,2026-08-25
SKU-2444,Product-444,6,20,Supplier-4,2026-08-09
SKU-2445,Product-445,24,482,Supplier-1,2026-08-09
SKU-2446,Product-446,24,79,Supplier-9,2026-08-12
SKU-2447,Product-447,6,470,Supplier-9,2026-08-16
SKU-2448,Product-448,6,265,,2026-08-12
SKU-2449,Product-449,24,340,Supplier-7,2026-08-10
SKU-2450,Product-450,6,-42,Supplier-5,2026-08-10
SKU-2451,Product-451,24,452,Supplier-5,2026-08-27
SKU-2452,Product-452,6,25,Supplier-3,2026-08-07
SKU-2453,Product-453,6,323,Supplier-5,2026-08-10
SKU-2454,Product-454,6,55,Supplier-2,2026-08-10
SKU-2455,Product-455,24,313,Supplier-3,2026-08-15
SKU-2456,Product-456,12,425,Supplier-5,2026-08-27
SKU-2457,Product-457,12,299,Supplier-1,2026-08-01
SKU-2458,Product-458,12,213,Supplier-7,2026-08-01
SKU-2459,Product-459,24,220,Supplier-6,2026-08-15
SKU-2460,Product-460,6,260,Supplier-8,2026-08-21
SKU-2461,Product-461,6,423,Supplier-8,2026-08-24
SKU-2462,Product-462,24,64,,2026-08-10
SKU-2463,Product-463,24,214,Supplier-5,2026-08-09
SKU-2464,Product-464,12,423,Supplier-9,2026-08-21
SKU-2465,Product-465,12,23,Supplier-5,2026-08-21
SKU-2466,Product-466,6,498,Supplier-3,2026-08-12
SKU-2467,Product-467,12,48,Supplier-7,2026-08-09
SKU-2468,Product-468,12,301,Supplier-9,2026-08-25
SKU-2469,Product-469,6,337,Supplier-1,2026-08-13
SKU-2470,Product-470,24,490,Supplier-9,2026-08-12
SKU-2471,Product-471,6,372,Supplier-8,2026-08-09
SKU-2472,Product-472,6,262,Supplier-7,2026-08-11
SKU-2473,Product-473,12,207,Supplier-8,2026-08-03
SKU-2474,Product-474,12,113,Supplier-4,2026-08-27
SKU-2475,Product-475,12,-10,Supplier-8,2026-08-28
SKU-2476,Product-476,6,115,,2026-08-11
SKU-2477,Product-477,24,495,Supplier-9,2026-08-18
SKU-2478,Product-478,6,288,Supplier-7,2026-08-25
SKU-2479,Product-479,6,167,Supplier-6,2026-08-23
SKU-2240,Product-480,6,478,Supplier-9,
SKU-2481,Product-481,6,260,Supplier-1,2026-08-26
SKU-2482,Product-482,24,74,Supplier-10,2026-08-26
SKU-2483,Product-483,12,365,Supplier-2,2026-08-08
SKU-2484,Product-484,6,327,Supplier-6,2026-08-18
SKU-2485,Product-485,6,282,Supplier-4,2026-08-14
SKU-2486,Product-486,6,345,Supplier-7,2026-08-27
SKU-2487,Product-487,6,404,Supplier-3,2026-08-13
SKU-2488,Product-488,24,297,Supplier-8,2026-08-02
SKU-2489,Product-489,12,490,Supplier-1,2026-08-27
SKU-2490,Product-490,6,440,,2026-08-22
SKU-2491,Product-491,12,274,Supplier-1,2026-08-21
SKU-2492,Product-492,12,121,Supplier-7,2026-08-25
SKU-2493,Product-493,6,94,Supplier-9,2026-08-23
SKU-2494,Product-494,12,356,Supplier-3,2026-08-03
SKU-2495,Product-495,24,401,Supplier-5,2026-08-17
SKU-2496,Product-496,24,317,Supplier-4,2026-08-04
SKU-2497,Product-497,24,97,Supplier-9,2026-08-28
SKU-2498,Product-498,12,448,Supplier-9,2026-08-22
SKU-2499,Product-499,24,7,Supplier-3,2026-08-24
SKU-2500,Product-500,24,-28,Supplier-7,2026-08-12
SKU-2501,Product-501,6,343,Supplier-5,2026-08-07
SKU-2502,Product-502,24,130,Supplier-10,2026-08-18
SKU-2503,Product-503,6,138,Supplier-3,2026-08-06
SKU-2504,Product-504,24,44,,2026-08-08
SKU-2505,Product-505,24,47,Supplier-10,2026-08-08
SKU-2506,Product-506,6,434,Supplier-5,2026-08-12
SKU-2507,Product-507,6,199,Supplier-8,2026-08-09
SKU-2508,Product-508,12,300,Supplier-9,2026-08-14
SKU-2509,Product-509,12,454,Supplier-3,2026-08-19
SKU-2510,Product-510,24,85,Supplier-2,2026-08-22
SKU-2511,Product-511,6,399,Supplier-1,2026-08-10
SKU-2512,Product-512,6,335,Supplier-2,2026-08-18
SKU-2513,Product-513,12,439,Supplier-9,2026-08-04
SKU-2514,Product-514,6,276,Supplier-3,2026-08-27
SKU-2515,Product-515,12,205,Supplier-8,2026-08-18
SKU-2516,Product-516,6,76,Supplier-3,2026-08-15
SKU-2517,Product-517,12,492,Supplier-1,2026-08-22
SKU-2518,Product-518,12,200,,2026-08-20
SKU-2519,Product-519,12,293,Supplier-9,2026-08-22
