OrderID,Client,Phone,Region,Revenue,OrderDate
ORD-1000,Rahul Patel,,EAST,,invalid-date-format
ORD-1001,Rahul K Patel,9876528289,west,889,2026-08-22
ORD-1002,R Patel,9876587397,East,3506,2026-08-02
ORD-1003,Rahulk Patel,9876522280,East,1841,2026-08-08
ORD-1004,Michael Brown,9876583563,East,1678,2026-08-23
ORD-1005,Michael Brown,9876538893,South,3729,2026-08-19
ORD-1006,David Miller,9876530926,East,3512,2026-08-11
ORD-1007,David Miller,9876538221,West,2807,2026-08-04
ORD-1008,Alice Smith,9876522676,South,2990,2026-08-28
ORD-1009,David Miller,9876515695,North,3813,2026-08-18
ORD-1010,Alice Smith,9876520328,South,,2026-08-10
ORD-1011,Michael Brown,9876585674,North,1625,2026-08-23
ORD-1012,Alice Smith,,East,1916,2026-08-25
ORD-1013,David Miller,9876540512,East,877,2026-08-13
ORD-1014,David Miller,9876593320,South,3038,2026-08-06
ORD-1015,David Miller,9876537460,NORTH,2237,2026-08-23
ORD-1016,Alice Smith,9876580010,west,2055,2026-08-06
ORD-1017,Emma Wilson,9876545382,South,4612,2026-08-08
ORD-1018,David Miller,9876540021,East,312,2026-08-26
ORD-1019,David Miller,9876545093,South,592,2026-08-07
ORD-1020,Michael Brown,9876537869,North,,2026-08-13
ORD-1021,Emma Wilson,9876544718,West,1193,2026-08-08
ORD-1022,Michael Brown,9876586622,North,3559,2026-08-19
ORD-1023,Emma Wilson,9876538746,North,1183,2026-08-17
ORD-1024,Emma Wilson,,East,948,2026-08-05
ORD-1025,Bob Jones,9876588172,South,$570.00,2026-08-13
ORD-1026,Emma Wilson,9876579352,South,2109,2026-08-18
ORD-1027,Alice Smith,9876599353,East,4448,2026-08-25
ORD-1028,David Miller,9876524621,North,2454,2026-08-14
ORD-1029,Bob Jones,9876510425,South,2207,2026-08-17
ORD-1030,Bob Jones,9876591959,EAST,,invalid-date-format
ORD-1031,Michael Brown,9876530032,west,3113,2026-08-25
ORD-1032,Bob Jones,9876588504,East,2705,2026-08-16
ORD-1033,Alice Smith,9876557576,East,2569,2026-08-08
ORD-1034,Alice Smith,9876584364,West,695,2026-08-03
ORD-1035,Emma Wilson,9876579822,East,1080,2026-08-05
ORD-1036,Emma Wilson,,West,4372,2026-08-28
ORD-1037,Michael Brown,9876537760,South,4467,2026-08-25
ORD-1038,Bob Jones,9876562296,North,3109,2026-08-15
ORD-1039,Michael Brown,9876525860,South,2080,2026-08-08
ORD-1040,Rahul Patel,9876554313,East,,2026-08-19
ORD-1041,Rahul K Patel,9876587128,West,1854,2026-08-01
ORD-1042,R Patel,9876592719,East,532,2026-08-08
ORD-1043,Rahulk Patel,9876514117,East,2756,2026-08-03
ORD-1044,Michael Brown,9876546500,West,4026,2026-08-07
ORD-1045,Michael Brown,9876584847,WEST,4770,2026-08-16
ORD-1046,Bob Jones,9876563354,south,1609,2026-08-04
ORD-1047,Alice Smith,9876556438,South,3519,2026-08-14
ORD-1048,Emma Wilson,,East,856,2026-08-02
ORD-1049,Emma Wilson,9876524322,North,2086,2026-08-07
ORD-1050,Bob Jones,9876528373,South,,2026-08-06
ORD-1051,David Miller,9876542742,South,667,2026-08-15
ORD-1052,Michael Brown,9876516630,East,4478,2026-08-27
ORD-1053,Alice Smith,9876540982,East,1412,2026-08-14
ORD-1054,Emma Wilson,9876538016,South,3335,2026-08-02
ORD-1055,Bob Jones,9876510282,South,3248,2026-08-09
ORD-1056,Emma Wilson,9876565444,North,4602,2026-08-22
ORD-1057,Emma Wilson,9876534890,West,2480,2026-08-07
ORD-1058,Alice Smith,9876551104,East,518,2026-08-02
ORD-1059,Michael Brown,9876575909,South,4400,2026-08-06
ORD-1060,Alice Smith,,EAST,,invalid-date-format
ORD-1061,Alice Smith,9876562923,west,1032,2026-08-19
ORD-1062,Bob Jones,9876591183,East,721,2026-08-14
ORD-1063,Michael Brown,9876544179,North,1723,2026-08-22
ORD-1064,David Miller,9876544814,West,3292,2026-08-05
ORD-1065,David Miller,9876551441,South,644,2026-08-01
ORD-1066,Emma Wilson,9876519602,East,4454,2026-08-07
ORD-1067,Michael Brown,9876527361,North,2909,2026-08-03
ORD-1068,Bob Jones,9876547353,North,1342,2026-08-15
ORD-1069,Michael Brown,9876590173,North,4383,2026-08-01
ORD-1070,Michael Brown,9876596951,North,,2026-08-05
ORD-1071,David Miller,9876524029,East,4582,2026-08-05
ORD-1072,David Miller,,North,1775,2026-08-23
ORD-1073,David Miller,9876593130,West,2212,2026-08-17
ORD-1074,Emma Wilson,9876516658,North,806,2026-08-21
ORD-1075,Emma Wilson,9876515778,NORTH,$79.00,2026-08-11
ORD-1076,Bob Jones,9876531178,north,3669,2026-08-18
ORD-1077,Emma Wilson,9876524663,East,666,2026-08-23
ORD-1078,Bob Jones,9876558393,East,4821,2026-08-18
ORD-1079,Bob Jones,9876526704,South,392,2026-08-10
ORD-1080,Rahul Patel,9876515229,North,,2026-08-07
ORD-1081,Rahul K Patel,9876597416,West,892,2026-08-12
ORD-1082,R Patel,9876591351,South,1316,2026-08-08
ORD-1083,Rahulk Patel,9876533206,West,3427,2026-08-01
ORD-1084,Bob Jones,,North,2082,2026-08-09
ORD-1085,Bob Jones,9876560140,East,367,2026-08-28
ORD-1086,Emma Wilson,9876536158,West,3820,2026-08-12
ORD-1087,David Miller,9876539219,West,243,2026-08-22
ORD-1088,Bob Jones,9876553025,South,2332,2026-08-28
ORD-1089,Alice Smith,9876556025,North,4223,2026-08-13
ORD-1090,Michael Brown,9876513617,NORTH,,invalid-date-format
ORD-1091,Bob Jones,9876515014,north,938,2026-08-20
ORD-1092,Emma Wilson,9876551114,North,3624,2026-08-20
ORD-1093,Michael Brown,9876560488,East,4773,2026-08-07
ORD-1094,David Miller,9876567154,East,63,2026-08-17
ORD-1095,Michael Brown,9876557739,West,3583,2026-08-03
ORD-1096,David Miller,,North,1070,2026-08-24
ORD-1097,David Miller,9876597410,North,3395,2026-08-11
ORD-1098,Emma Wilson,9876582667,North,1092,2026-08-07
ORD-1099,Emma Wilson,9876598777,South,1475,2026-08-20
ORD-1100,Michael Brown,9876563225,North,,2026-08-27
ORD-1101,Alice Smith,9876547606,North,1771,2026-08-14
ORD-1102,Michael Brown,9876570946,North,3669,2026-08-15
ORD-1103,Bob Jones,9876532241,South,744,2026-08-10
ORD-1104,Michael Brown,9876522240,North,1974,2026-08-22
ORD-1105,David Miller,9876536100,WEST,1257,2026-08-01
ORD-1106,Alice Smith,9876572277,west,646,2026-08-15
ORD-1107,Emma Wilson,9876560328,West,4099,2026-08-13
ORD-1108,Bob Jones,,West,95,2026-08-25
ORD-1109,Alice Smith,9876538683,South,1490,2026-08-26
ORD-1110,Michael Brown,9876516582,South,,2026-08-08
ORD-1111,Alice Smith,9876527477,South,3856,2026-08-22
ORD-1112,Michael Brown,9876568008,North,4185,2026-08-14
ORD-1113,Michael Brown,9876530861,South,3938,2026-08-15
ORD-1114,David Miller,9876593579,West,2321,2026-08-25
ORD-1115,Michael Brown,9876592149,South,2009,2026-08-09
ORD-1116,Emma Wilson,9876547450,East,1970,2026-08-09
ORD-1117,David Miller,9876580798,North,710,2026-08-05
ORD-1118,Bob Jones,9876560205,West,1301,2026-08-23
ORD-1119,Bob Jones,9876564377,East,3389,2026-08-11
ORD-1120,Rahul Patel,,SOUTH,,invalid-date-format
ORD-1121,Rahul K Patel,9876561049,south,4834,2026-08-23
ORD-1122,R Patel,9876585456,East,3166,2026-08-16
ORD-1123,Rahulk Patel,9876556105,East,2496,2026-08-25
ORD-1124,Emma Wilson,9876580545,South,4523,2026-08-26
ORD-1125,Michael Brown,9876573993,West,$1847.00,2026-08-09
ORD-1126,Emma Wilson,9876513804,South,3235,2026-08-11
ORD-1127,Emma Wilson,9876571261,West,1095,2026-08-20
ORD-1128,Michael Brown,9876561645,East,4898,2026-08-19
ORD-1129,Alice Smith,9876594246,East,3561,2026-08-05
ORD-1130,Emma Wilson,9876516590,West,,2026-08-13
ORD-1131,David Miller,9876569598,West,2727,2026-08-11
ORD-1132,Emma Wilson,,North,2116,2026-08-27
ORD-1133,Alice Smith,9876512540,South,4468,2026-08-02
ORD-1134,David Miller,9876595215,West,612,2026-08-25
ORD-1135,Alice Smith,9876542411,EAST,1683,2026-08-27
ORD-1136,Alice Smith,9876541266,west,1084,2026-08-16
ORD-1137,Alice Smith,9876570952,West,2149,2026-08-25
ORD-1138,David Miller,9876589415,West,988,2026-08-25
ORD-1139,Bob Jones,9876524168,North,4790,2026-08-01
ORD-1140,David Miller,9876561990,South,,2026-08-03
ORD-1141,Michael Brown,9876523356,West,2520,2026-08-28
ORD-1142,Michael Brown,9876584177,East,386,2026-08-12
ORD-1143,Michael Brown,9876596706,South,3085,2026-08-03
ORD-1144,Michael Brown,,North,3491,2026-08-27
ORD-1145,Emma Wilson,9876566822,East,3017,2026-08-21
ORD-1146,Emma Wilson,9876567080,West,1492,2026-08-24
ORD-1147,Michael Brown,9876590728,North,4458,2026-08-25
ORD-1148,Emma Wilson,9876567091,South,4903,2026-08-09
ORD-1149,David Miller,9876521359,West,2334,2026-08-15
ORD-1150,Bob Jones,9876584691,SOUTH,,invalid-date-format
ORD-1151,Alice Smith,9876552600,south,1539,2026-08-16
ORD-1152,Bob Jones,9876543862,North,2838,2026-08-09
ORD-1153,Michael Brown,9876582848,North,133,2026-08-17
ORD-1154,Bob Jones,9876541635,East,3379,2026-08-16
ORD-1155,Michael Brown,9876572402,West,4070,2026-08-15
ORD-1156,Alice Smith,,East,1865,2026-08-13
ORD-1157,Bob Jones,9876597026,North,4814,2026-08-12
ORD-1158,Emma Wilson,9876565771,North,4558,2026-08-11
ORD-1159,David Miller,9876545509,South,2561,2026-08-09
ORD-1160,Rahul Patel,9876525814,West,,2026-08-11
ORD-1161,Rahul K Patel,9876580236,East,1566,2026-08-07
ORD-1162,R Patel,9876573464,West,2315,2026-08-24
ORD-1163,Rahulk Patel,9876523176,North,1640,2026-08-10
ORD-1164,Bob Jones,9876533519,North,2526,2026-08-01
ORD-1165,Michael Brown,9876545954,WEST,422,2026-08-02
ORD-1166,Michael Brown,9876526551,north,4071,2026-08-04
ORD-1167,Alice Smith,9876571524,North,3971,2026-08-15
ORD-1168,David Miller,,West,2118,2026-08-28
ORD-1169,Emma Wilson,9876518564,East,3332,2026-08-16
ORD-1170,Alice Smith,9876529887,East,,2026-08-26
ORD-1171,Michael Brown,9876521164,North,2083,2026-08-04
ORD-1172,Michael Brown,9876589471,South,4933,2026-08-26
ORD-1173,Michael Brown,9876578494,West,3166,2026-08-15
ORD-1174,Emma Wilson,9876587139,North,3562,2026-08-10
ORD-1175,Michael Brown,9876589905,East,$862.00,2026-08-25
ORD-1176,Bob Jones,9876544687,West,715,2026-08-06
ORD-1177,Bob Jones,9876582350,West,664,2026-08-06
ORD-1178,Alice Smith,9876569048,South,4914,2026-08-16
ORD-1179,David Miller,9876540340,East,2410,2026-08-23
ORD-1180,David Miller,,SOUTH,,invalid-date-format
ORD-1181,Michael Brown,9876565723,west,990,2026-08-18
ORD-1182,Bob Jones,9876544816,West,1215,2026-08-03
ORD-1183,Alice Smith,9876550319,West,4924,2026-08-24
ORD-1184,Michael Brown,9876567560,North,1068,2026-08-15
ORD-1185,David Miller,9876545683,South,4149,2026-08-18
ORD-1186,Emma Wilson,9876520543,South,4949,2026-08-02
ORD-1187,Emma Wilson,9876589129,North,2101,2026-08-01
ORD-1188,Alice Smith,9876598381,West,4762,2026-08-19
ORD-1189,Alice Smith,9876585529,North,379,2026-08-25
ORD-1190,Bob Jones,9876578021,South,,2026-08-09
ORD-1191,Bob Jones,9876593202,South,4078,2026-08-03
ORD-1192,Emma Wilson,,North,2780,2026-08-11
ORD-1193,Alice Smith,9876553228,West,3422,2026-08-23
ORD-1194,Emma Wilson,9876596846,North,3330,2026-08-27
ORD-1195,Michael Brown,9876569614,EAST,771,2026-08-11
ORD-1196,David Miller,9876525194,north,3361,2026-08-28
ORD-1197,Michael Brown,9876596200,East,4494,2026-08-15
ORD-1198,Emma Wilson,9876534586,East,4297,2026-08-12
ORD-1199,Michael Brown,9876591973,South,3671,2026-08-25
ORD-1200,Rahul Patel,9876536680,East,,2026-08-18
ORD-1201,Rahul K Patel,9876547752,West,3639,2026-08-23
ORD-1202,R Patel,9876525915,South,286,2026-08-21
ORD-1203,Rahulk Patel,9876530758,West,2595,2026-08-18
ORD-1204,Alice Smith,,South,1890,2026-08-27
ORD-1205,Alice Smith,9876525396,South,1311,2026-08-16
ORD-1206,David Miller,9876564459,North,4002,2026-08-16
ORD-1207,Bob Jones,9876582255,South,1234,2026-08-13
ORD-1208,Bob Jones,9876519150,West,2313,2026-08-25
ORD-1209,Emma Wilson,9876576550,North,2238,2026-08-27
ORD-1210,Alice Smith,9876549132,NORTH,,invalid-date-format
ORD-1211,Emma Wilson,9876568529,west,4462,2026-08-16
ORD-1212,David Miller,9876582340,North,4501,2026-08-13
ORD-1213,Emma Wilson,9876534727,North,2006,2026-08-19
ORD-1214,Emma Wilson,9876563841,West,407,2026-08-11
ORD-1215,Emma Wilson,9876560604,South,1296,2026-08-16
ORD-1216,Alice Smith,,West,4884,2026-08-11
ORD-1217,Alice Smith,9876523069,South,4358,2026-08-15
ORD-1218,Alice Smith,9876563736,West,1314,2026-08-03
ORD-1219,Emma Wilson,9876554375,North,3306,2026-08-21
ORD-1220,Alice Smith,9876598389,North,,2026-08-13
ORD-1221,David Miller,9876580912,South,344,2026-08-20
ORD-1222,Alice Smith,9876592727,West,2404,2026-08-08
ORD-1223,Alice Smith,9876522903,South,873,2026-08-15
ORD-1224,Bob Jones,9876513794,North,426,2026-08-11
ORD-1225,Alice Smith,9876556984,NORTH,$3120.00,2026-08-14
ORD-1226,Bob Jones,9876579621,west,3425,2026-08-19
ORD-1227,Bob Jones,9876532946,West,696,2026-08-20
ORD-1228,Emma Wilson,,West,4827,2026-08-05
ORD-1229,Bob Jones,9876593611,South,2130,2026-08-15
ORD-1230,David Miller,9876570981,East,,2026-08-22
ORD-1231,Michael Brown,9876519681,West,3668,2026-08-12
ORD-1232,Michael Brown,9876593746,North,3525,2026-08-23
ORD-1233,David Miller,9876549599,South,1681,2026-08-13
ORD-1234,Emma Wilson,9876541091,East,3174,2026-08-19
ORD-1235,David Miller,9876548696,North,229,2026-08-27
ORD-1236,Emma Wilson,9876511061,North,4686,2026-08-28
ORD-1237,Alice Smith,9876547512,South,1935,2026-08-20
ORD-1238,David Miller,9876593442,West,1607,2026-08-20
ORD-1239,David Miller,9876592345,West,845,2026-08-21
ORD-1240,Rahul Patel,,EAST,,invalid-date-format
ORD-1241,Rahul K Patel,9876527224,north,788,2026-08-10
ORD-1242,R Patel,9876564460,North,1488,2026-08-07
ORD-1243,Rahulk Patel,9876580701,West,3047,2026-08-17
ORD-1244,Michael Brown,9876531567,North,2155,2026-08-27
ORD-1245,Emma Wilson,9876554396,North,993,2026-08-15
ORD-1246,Alice Smith,9876539571,West,3305,2026-08-28
ORD-1247,Michael Brown,9876521836,North,3282,2026-08-01
ORD-1248,David Miller,9876569609,East,3069,2026-08-22
ORD-1249,David Miller,9876593695,South,3093,2026-08-04
ORD-1250,Bob Jones,9876513280,South,1250000,2026-08-11
ORD-1251,Michael Brown,9876594889,West,567,2026-08-21
ORD-1252,Emma Wilson,,North,3394,2026-08-04
ORD-1253,Bob Jones,9876514877,East,2543,2026-08-16
ORD-1254,Alice Smith,9876540775,East,4453,2026-08-05
ORD-1255,Emma Wilson,9876558629,SOUTH,4475,2026-08-14
ORD-1256,Michael Brown,9876564379,west,861,2026-08-27
ORD-1257,Emma Wilson,9876546666,South,318,2026-08-23
ORD-1258,David Miller,9876568115,West,3692,2026-08-08
ORD-1259,David Miller,9876599873,East,3059,2026-08-18
ORD-1260,David Miller,9876562184,East,,2026-08-07
ORD-1261,Alice Smith,9876522015,South,1787,2026-08-21
ORD-1262,Michael Brown,9876516629,East,2782,2026-08-08
ORD-1263,Bob Jones,9876518992,West,4590,2026-08-07
ORD-1264,Michael Brown,,West,2741,2026-08-25
ORD-1265,Bob Jones,9876546342,East,1235,2026-08-05
ORD-1266,Michael Brown,9876532871,North,950,2026-08-22
ORD-1267,Alice Smith,9876511947,West,2984,2026-08-26
ORD-1268,Bob Jones,9876512068,North,1477,2026-08-09
ORD-1269,Alice Smith,9876565176,West,4359,2026-08-04
ORD-1270,Alice Smith,9876568756,SOUTH,,invalid-date-format
ORD-1271,Michael Brown,9876569245,east,4177,2026-08-08
ORD-1272,Michael Brown,9876596363,East,4321,2026-08-10
ORD-1273,Emma Wilson,9876517972,East,3973,2026-08-28
ORD-1274,Emma Wilson,9876599928,South,934,2026-08-16
ORD-1275,Emma Wilson,9876520589,East,$2688.00,2026-08-20
ORD-1276,Bob Jones,,East,2302,2026-08-20
ORD-1277,Michael Brown,9876559925,North,4943,2026-08-17
ORD-1278,David Miller,9876576263,South,3574,2026-08-04
ORD-1279,Alice Smith,9876566370,West,3749,2026-08-08
ORD-1280,Rahul Patel,9876554424,South,,2026-08-13
ORD-1281,Rahul K Patel,9876522463,South,2610,2026-08-14
ORD-1282,R Patel,9876597177,North,2138,2026-08-12
ORD-1283,Rahulk Patel,9876572163,West,599,2026-08-03
ORD-1284,Alice Smith,9876566606,East,841,2026-08-24
ORD-1285,David Miller,9876582924,WEST,541,2026-08-19
ORD-1286,Michael Brown,9876597819,north,1051,2026-08-14
ORD-1287,David Miller,9876516743,South,2406,2026-08-20
ORD-1288,David Miller,,North,4784,2026-08-17
ORD-1289,Bob Jones,9876596079,West,4000,2026-08-08
ORD-1290,Alice Smith,9876582910,North,,2026-08-04
ORD-1291,David Miller,9876566244,West,4645,2026-08-25
ORD-1292,Michael Brown,9876589822,East,2240,2026-08-01
ORD-1293,Bob Jones,9876550499,North,2833,2026-08-12
ORD-1294,Alice Smith,9876528776,West,4689,2026-08-22
ORD-1295,Emma Wilson,9876528595,East,301,2026-08-03
ORD-1296,Michael Brown,9876559308,West,3489,2026-08-15
ORD-1297,David Miller,9876558503,West,2602,2026-08-24
ORD-1298,David Miller,9876516895,East,1324,2026-08-06
ORD-1299,Michael Brown,9876598338,East,718,2026-08-09
ORD-1300,Emma Wilson,,SOUTH,,invalid-date-format
ORD-1301,David Miller,9876577154,west,982,2026-08-12
ORD-1302,Emma Wilson,9876547125,East,4908,2026-08-16
ORD-1303,Michael Brown,9876515952,North,1856,2026-08-13
ORD-1304,Michael Brown,9876511007,East,1724,2026-08-10
ORD-1305,Bob Jones,9876543491,West,2421,2026-08-11
ORD-1306,Alice Smith,9876575193,East,3577,2026-08-06
ORD-1307,Bob Jones,9876579806,South,1935,2026-08-17
ORD-1308,Michael Brown,9876519447,North,3302,2026-08-28
ORD-1309,Alice Smith,9876512456,South,3816,2026-08-03
ORD-1310,David Miller,9876585156,South,,2026-08-23
ORD-1311,Emma Wilson,9876525096,North,3368,2026-08-01
ORD-1312,David Miller,,West,3819,2026-08-27
ORD-1313,David Miller,9876567240,East,917,2026-08-08
ORD-1314,Emma Wilson,9876578676,South,694,2026-08-13
ORD-1315,David Miller,9876539041,NORTH,2778,2026-08-25
ORD-1316,Bob Jones,9876576910,east,984,2026-08-17
ORD-1317,Michael Brown,9876555793,West,2926,2026-08-24
ORD-1318,Bob Jones,9876523474,West,1249,2026-08-09
ORD-1319,Bob Jones,9876588957,West,1302,2026-08-25
ORD-1320,Rahul Patel,9876533218,East,,2026-08-15
ORD-1321,Rahul K Patel,9876599277,South,4674,2026-08-21
ORD-1322,R Patel,9876592210,North,2639,2026-08-05
ORD-1323,Rahulk Patel,9876518950,South,3891,2026-08-15
ORD-1324,David Miller,,North,510,2026-08-12
ORD-1325,Michael Brown,9876550685,East,$3832.00,2026-08-15
ORD-1326,Alice Smith,9876558331,East,2401,2026-08-03
ORD-1327,Alice Smith,9876570648,South,4804,2026-08-18
ORD-1328,Alice Smith,9876584928,South,1592,2026-08-11
ORD-1329,Michael Brown,9876575715,South,1285,2026-08-02
ORD-1330,Emma Wilson,9876555015,EAST,,invalid-date-format
ORD-1331,Bob Jones,9876542472,east,3636,2026-08-15
ORD-1332,Michael Brown,9876557696,West,3104,2026-08-10
ORD-1333,Emma Wilson,9876554350,South,4947,2026-08-02
ORD-1334,David Miller,9876553213,East,824,2026-08-18
ORD-1335,Emma Wilson,9876543029,North,4987,2026-08-28
ORD-1336,Bob Jones,,North,4823,2026-08-22
ORD-1337,Bob Jones,9876550662,North,3260,2026-08-05
ORD-1338,Michael Brown,9876550577,East,4628,2026-08-13
ORD-1339,David Miller,9876597833,West,4362,2026-08-03
ORD-1340,Emma Wilson,9876512389,North,,2026-08-10
ORD-1341,Bob Jones,9876554791,West,4033,2026-08-07
ORD-1342,Bob Jones,9876530308,West,682,2026-08-10
ORD-1343,Alice Smith,9876596760,East,2808,2026-08-25
ORD-1344,Michael Brown,9876588282,West,3136,2026-08-05
ORD-1345,Bob Jones,9876591885,WEST,1406,2026-08-24
ORD-1346,Emma Wilson,9876563852,east,3034,2026-08-22
ORD-1347,Bob Jones,9876590031,South,2384,2026-08-25
ORD-1348,Emma Wilson,,West,2009,2026-08-10
ORD-1349,Emma Wilson,9876558213,West,4722,2026-08-15
ORD-1350,Emma Wilson,9876560052,North,,2026-08-17
ORD-1351,Emma Wilson,9876536174,West,1183,2026-08-28
ORD-1352,David Miller,9876594040,East,3986,2026-08-28
ORD-1353,David Miller,9876577621,East,1071,2026-08-10
ORD-1354,Alice Smith,9876545755,West,3730,2026-08-17
ORD-1355,Bob Jones,9876522021,South,1868,2026-08-27
ORD-1356,Emma Wilson,9876513495,North,3448,2026-08-02
ORD-1357,Emma Wilson,9876540903,North,3213,2026-08-03
ORD-1358,David Miller,9876513694,West,2660,2026-08-04
ORD-1359,David Miller,9876528035,West,363,2026-08-10
ORD-1360,Rahul Patel,,SOUTH,,invalid-date-format
ORD-1361,Rahul K Patel,9876520384,east,205,2026-08-09
ORD-1362,R Patel,9876529597,West,4545,2026-08-24
ORD-1363,Rahulk Patel,9876524573,South,2410,2026-08-08
ORD-1364,David Miller,9876516258,East,2003,2026-08-14
ORD-1365,Michael Brown,9876518232,South,958,2026-08-27
ORD-1366,Emma Wilson,9876592831,East,4271,2026-08-19
ORD-1367,Bob Jones,9876548177,West,3566,2026-08-01
ORD-1368,Michael Brown,9876541531,North,4724,2026-08-14
ORD-1369,Bob Jones,9876578614,East,3004,2026-08-03
ORD-1370,Michael Brown,9876561177,East,,2026-08-02
ORD-1371,Emma Wilson,9876543246,North,183,2026-08-12
ORD-1372,Alice Smith,,North,899,2026-08-25
ORD-1373,Michael Brown,9876527486,North,413,2026-08-12
ORD-1374,Michael Brown,9876594252,North,1484,2026-08-27
ORD-1375,Emma Wilson,9876592802,SOUTH,$1543.00,2026-08-26
ORD-1376,Bob Jones,9876569988,east,352,2026-08-10
ORD-1377,Bob Jones,9876536144,East,393,2026-08-11
ORD-1378,David Miller,9876581176,South,3928,2026-08-09
ORD-1379,Alice Smith,9876547501,West,2974,2026-08-28
ORD-1380,Alice Smith,9876545811,North,,2026-08-26
ORD-1381,David Miller,9876562431,South,3652,2026-08-13
ORD-1382,David Miller,9876575038,West,4125,2026-08-12
ORD-1383,Michael Brown,9876520828,North,3527,2026-08-03
ORD-1384,Emma Wilson,,West,2456,2026-08-11
ORD-1385,Alice Smith,9876552981,East,2471,2026-08-10
ORD-1386,Emma Wilson,9876531842,South,3686,2026-08-12
ORD-1387,Emma Wilson,9876556210,East,3613,2026-08-09
ORD-1388,Alice Smith,9876597973,East,3377,2026-08-12
ORD-1389,Michael Brown,9876514081,West,1219,2026-08-28
ORD-1390,Michael Brown,9876514561,SOUTH,,invalid-date-format
ORD-1391,Bob Jones,9876557467,north,3186,2026-08-19
ORD-1392,Alice Smith,9876599006,West,3735,2026-08-12
ORD-1393,David Miller,9876520077,South,4751,2026-08-05
ORD-1394,Michael Brown,9876562171,North,2625,2026-08-21
ORD-1395,David Miller,9876524869,West,262,2026-08-24
ORD-1396,Bob Jones,,South,3220,2026-08-18
ORD-1397,Alice Smith,9876544116,North,3705,2026-08-07
ORD-1398,Michael Brown,9876574382,North,1689,2026-08-04
ORD-1399,Bob Jones,9876569250,East,1464,2026-08-23
ORD-1400,Rahul Patel,9876521506,South,,2026-08-22
ORD-1401,Rahul K Patel,9876518511,North,4555,2026-08-18
ORD-1402,R Patel,9876549315,North,1340,2026-08-23
ORD-1403,Rahulk Patel,9876557381,West,4217,2026-08-08
ORD-1404,Alice Smith,9876528202,West,1989,2026-08-26
ORD-1405,Emma Wilson,9876557303,EAST,4588,2026-08-19
ORD-1406,David Miller,9876582305,south,1113,2026-08-20
ORD-1407,Alice Smith,9876550539,East,3311,2026-08-23
ORD-1408,Emma Wilson,,South,4759,2026-08-03
ORD-1409,Bob Jones,9876594192,North,657,2026-08-15
ORD-1410,Emma Wilson,9876526821,North,,2026-08-21
ORD-1411,Michael Brown,9876526912,West,3594,2026-08-17
ORD-1412,Alice Smith,9876577908,East,1303,2026-08-10
ORD-1413,Bob Jones,9876552291,West,1897,2026-08-12
ORD-1414,Michael Brown,9876520336,North,2102,2026-08-07
ORD-1415,Michael Brown,9876526406,North,2530,2026-08-20
ORD-1416,Michael Brown,9876575873,East,1431,2026-08-19
ORD-1417,Michael Brown,9876532439,West,2815,2026-08-27
ORD-1418,Michael Brown,9876513718,East,715,2026-08-02
ORD-1419,Michael Brown,9876595344,North,1776,2026-08-25
ORD-1420,Michael Brown,,SOUTH,,invalid-date-format
ORD-1421,Michael Brown,9876594136,north,2524,2026-08-16
ORD-1422,Bob Jones,9876548985,South,3765,2026-08-03
ORD-1423,Alice Smith,9876567619,West,3454,2026-08-16
ORD-1424,Emma Wilson,9876554589,West,1226,2026-08-11
ORD-1425,David Miller,9876562260,North,$1121.00,2026-08-25
ORD-1426,David Miller,9876551827,East,2030,2026-08-15
ORD-1427,Alice Smith,9876568929,North,2080,2026-08-05
ORD-1428,Alice Smith,9876548038,East,3196,2026-08-28
ORD-1429,Michael Brown,9876542541,South,1358,2026-08-27
ORD-1430,David Miller,9876534881,North,,2026-08-16
ORD-1431,Michael Brown,9876575373,South,2577,2026-08-16
ORD-1432,Alice Smith,,East,4190,2026-08-15
ORD-1433,Bob Jones,9876586460,West,2940,2026-08-02
ORD-1434,Alice Smith,9876574866,North,4944,2026-08-27
ORD-1435,Emma Wilson,9876580345,NORTH,116,2026-08-28
ORD-1436,Alice Smith,9876527555,south,2216,2026-08-24
ORD-1437,David Miller,9876557964,South,420,2026-08-13
ORD-1438,Alice Smith,9876557516,West,4582,2026-08-10
ORD-1439,Alice Smith,9876576093,South,3739,2026-08-25
ORD-1440,Rahul Patel,9876591689,North,,2026-08-05
ORD-1441,Rahul K Patel,9876561629,East,3107,2026-08-26
ORD-1442,R Patel,9876583116,North,3045,2026-08-25
ORD-1443,Rahulk Patel,9876536090,West,4985,2026-08-17
ORD-1444,Emma Wilson,,East,368,2026-08-05
ORD-1445,David Miller,9876578069,South,3793,2026-08-05
ORD-1446,Michael Brown,9876552987,West,2659,2026-08-06
ORD-1447,Emma Wilson,9876587820,North,2805,2026-08-17
ORD-1448,Michael Brown,9876583783,South,2505,2026-08-16
ORD-1449,Alice Smith,9876553416,North,947,2026-08-14
ORD-1450,Michael Brown,9876592478,NORTH,,invalid-date-format
ORD-1451,Emma Wilson,9876595929,north,4788,2026-08-19
ORD-1452,Bob Jones,9876586483,East,3985,2026-08-06
ORD-1453,Michael Brown,9876529369,South,2034,2026-08-02
ORD-1454,Michael Brown,9876535006,East,205,2026-08-15
ORD-1455,David Miller,9876529848,South,3432,2026-08-23
ORD-1456,Bob Jones,,South,3913,2026-08-28
ORD-1457,Alice Smith,9876577984,West,1748,2026-08-18
ORD-1458,David Miller,9876578875,South,3136,2026-08-11
ORD-1459,Bob Jones,9876579878,South,2854,2026-08-18
ORD-1460,David Miller,9876589963,North,,2026-08-07
ORD-1461,Bob Jones,9876583149,North,2495,2026-08-08
ORD-1462,David Miller,9876537168,North,4055,2026-08-11
ORD-1463,Emma Wilson,9876583464,North,2290,2026-08-10
ORD-1464,Alice Smith,9876561712,South,2877,2026-08-25
ORD-1465,Bob Jones,9876515513,NORTH,2406,2026-08-23
ORD-1466,Alice Smith,9876567983,north,2150,2026-08-24
ORD-1467,Emma Wilson,9876536485,West,4462,2026-08-09
ORD-1468,Michael Brown,,North,944,2026-08-20
ORD-1469,Michael Brown,9876541779,West,465,2026-08-22
ORD-1470,Michael Brown,9876593616,West,,2026-08-02
ORD-1471,Alice Smith,9876553292,South,3919,2026-08-04
ORD-1472,Bob Jones,9876582135,East,1343,2026-08-14
ORD-1473,Emma Wilson,9876595267,South,1683,2026-08-25
ORD-1474,David Miller,9876547409,North,534,2026-08-25
ORD-1475,Alice Smith,9876580143,West,$355.00,2026-08-06
ORD-1476,Emma Wilson,9876514763,West,3302,2026-08-26
ORD-1477,Emma Wilson,9876547941,West,356,2026-08-01
ORD-1478,David Miller,9876553914,East,2381,2026-08-15
ORD-1479,Michael Brown,9876527589,South,4180,2026-08-15
ORD-1480,Rahul Patel,,NORTH,,invalid-date-format
ORD-1481,Rahul K Patel,9876570150,west,2157,2026-08-23
ORD-1482,R Patel,9876511846,West,2811,2026-08-26
ORD-1483,Rahulk Patel,9876584420,North,1632,2026-08-06
ORD-1484,Michael Brown,9876566059,South,4271,2026-08-11
ORD-1485,Alice Smith,9876597720,South,831,2026-08-06
ORD-1486,Bob Jones,9876552415,South,2082,2026-08-01
ORD-1487,David Miller,9876540870,South,3709,2026-08-25
ORD-1488,David Miller,9876549576,North,4821,2026-08-24
ORD-1489,Michael Brown,9876544282,East,2995,2026-08-23
ORD-1490,Bob Jones,9876597528,East,,2026-08-15
ORD-1491,David Miller,9876563138,West,4166,2026-08-23
ORD-1492,David Miller,,East,2466,2026-08-12
ORD-1493,Michael Brown,9876538721,West,1144,2026-08-16
ORD-1494,Bob Jones,9876589395,South,3110,2026-08-14
ORD-1495,Michael Brown,9876580453,SOUTH,1839,2026-08-25
ORD-1496,Bob Jones,9876578879,east,3709,2026-08-17
ORD-1497,David Miller,9876583946,East,969,2026-08-02
ORD-1498,Michael Brown,9876585065,West,4446,2026-08-05
ORD-1499,Bob Jones,9876578202,North,3669,2026-08-04
ORD-1500,Bob Jones,9876521919,South,,2026-08-15
ORD-1501,Alice Smith,9876527294,South,4254,2026-08-14
ORD-1502,Emma Wilson,9876583242,East,3837,2026-08-22
ORD-1503,David Miller,9876561897,East,2134,2026-08-27
ORD-1504,Alice Smith,,West,648,2026-08-02
ORD-1505,Emma Wilson,9876518357,North,4483,2026-08-02
ORD-1506,Alice Smith,9876514159,South,2401,2026-08-14
ORD-1507,Bob Jones,9876594085,West,3493,2026-08-12
ORD-1508,Emma Wilson,9876559479,South,3127,2026-08-03
ORD-1509,Michael Brown,9876595660,West,2898,2026-08-04
ORD-1510,Bob Jones,9876579316,SOUTH,,invalid-date-format
ORD-1511,Bob Jones,9876512979,east,2494,2026-08-15
ORD-1512,Michael Brown,9876579721,South,3157,2026-08-27
ORD-1513,Bob Jones,9876570375,West,2885,2026-08-05
ORD-1514,David Miller,9876524790,West,313,2026-08-26
ORD-1515,Emma Wilson,9876541544,East,1738,2026-08-03
ORD-1516,Alice Smith,,East,4947,2026-08-22
ORD-1517,Alice Smith,9876515798,West,3345,2026-08-15
ORD-1518,Bob Jones,9876517398,West,1197,2026-08-17
ORD-1519,David Miller,9876585511,West,2662,2026-08-19
ORD-1520,Rahul Patel,9876541051,North,,2026-08-05
ORD-1521,Rahul K Patel,9876564206,West,2511,2026-08-09
ORD-1522,R Patel,9876582970,East,4896,2026-08-24
ORD-1523,Rahulk Patel,9876592050,West,3549,2026-08-18
ORD-1524,Emma Wilson,9876555143,East,3172,2026-08-26
ORD-1525,Michael Brown,9876564568,NORTH,$3394.00,2026-08-05
ORD-1526,David Miller,9876534101,south,4456,2026-08-16
ORD-1527,Bob Jones,9876549418,West,1232,2026-08-26
ORD-1528,Emma Wilson,,East,3430,2026-08-14
ORD-1529,Michael Brown,9876560910,West,2039,2026-08-09
ORD-1530,Bob Jones,9876594765,North,,2026-08-15
ORD-1531,David Miller,9876580206,East,1610,2026-08-02
ORD-1532,David Miller,9876598299,South,4989,2026-08-02
ORD-1533,Alice Smith,9876587015,West,4628,2026-08-07
ORD-1534,Emma Wilson,9876553642,West,2533,2026-08-01
ORD-1535,Bob Jones,9876525376,West,3973,2026-08-08
ORD-1536,Michael Brown,9876561987,West,2010,2026-08-18
ORD-1537,David Miller,9876559894,North,3869,2026-08-18
ORD-1538,David Miller,9876544283,North,2996,2026-08-17
ORD-1539,Emma Wilson,9876522924,South,3896,2026-08-25
ORD-1540,David Miller,,WEST,,invalid-date-format
ORD-1541,Alice Smith,9876529126,west,182,2026-08-09
ORD-1542,Michael Brown,9876548691,South,1298,2026-08-07
ORD-1543,David Miller,9876559786,West,4717,2026-08-27
ORD-1544,Bob Jones,9876582173,South,2815,2026-08-09
ORD-1545,Emma Wilson,9876570401,South,1428,2026-08-24
ORD-1546,David Miller,9876528344,West,4527,2026-08-16
ORD-1547,Bob Jones,9876578674,East,327,2026-08-27
ORD-1548,Alice Smith,9876510836,East,3428,2026-08-05
ORD-1549,Bob Jones,9876529795,East,124,2026-08-07
